# REAL DATA, Pantheon+SH0ES (Brout et al. 2022)
# Fetched from: github.com/PantheonPlusSH0ES/DataRelease (Pantheon+SH0ES.dat)
# To replace or rebuild: see /scripts/fetch/pantheon.md
# Real source: Brout et al. (2022) ApJ 938, 110; doi:10.3847/1538-4357/ac8e04
# Schema: z (zHD, CMB+peculiar-v corrected redshift), mu (MU_SH0ES, mag), sigma (MU_SH0ES_ERR_DIAG, mag)
# Filter: IS_CALIBRATOR==0 & zHD >= 0.005 (1619 of 1701 SNe retained); sorted by z
z,mu,sigma
0.0054,31.651,0.514
0.0055,31.728,0.501
0.0057,31.898,0.484
0.0057,31.912,0.470
0.0059,31.740,0.491
0.0059,32.468,0.487
0.0062,30.908,0.525
0.0062,31.186,0.452
0.0063,32.020,0.538
0.0063,32.075,0.534
0.0063,32.084,0.537
0.0063,32.833,0.563
0.0063,32.400,0.483
0.0066,31.732,0.531
0.0067,31.222,0.421
0.0068,31.973,0.415
0.0069,32.441,0.440
0.0075,32.300,0.397
0.0075,32.331,0.374
0.0080,32.642,0.363
0.0081,32.709,0.368
0.0082,32.446,0.491
0.0082,32.484,0.343
0.0082,33.214,0.463
0.0084,32.521,0.466
0.0084,32.692,0.485
0.0086,32.722,0.383
0.0086,32.335,0.338
0.0086,32.374,0.338
0.0086,32.395,0.331
0.0088,32.862,0.327
0.0091,32.750,0.410
0.0091,32.799,0.369
0.0094,32.335,0.401
0.0096,32.865,0.334
0.0096,32.901,0.310
0.0097,32.803,0.358
0.0097,32.916,0.373
0.0099,33.475,0.373
0.0102,32.779,0.349
0.0102,32.918,0.365
0.0102,32.967,0.342
0.0103,33.225,0.299
0.0103,33.338,0.306
0.0104,33.124,0.317
0.0107,33.108,0.365
0.0110,33.571,0.315
0.0111,33.637,0.295
0.0111,33.734,0.342
0.0112,33.434,0.283
0.0112,33.495,0.325
0.0112,33.835,0.354
0.0115,33.583,0.281
0.0120,33.497,0.302
0.0121,33.878,0.346
0.0122,33.702,0.267
0.0123,33.740,0.254
0.0125,33.829,0.265
0.0126,33.708,0.241
0.0126,33.725,0.250
0.0126,33.518,0.266
0.0126,33.587,0.260
0.0128,33.749,0.417
0.0128,33.503,0.331
0.0128,33.636,0.287
0.0130,33.736,0.240
0.0130,33.761,0.287
0.0130,33.567,0.285
0.0130,33.575,0.293
0.0132,33.925,0.305
0.0132,33.968,0.304
0.0132,33.985,0.299
0.0138,33.768,0.233
0.0138,33.772,0.236
0.0138,33.797,0.278
0.0138,33.765,0.289
0.0139,33.674,0.345
0.0139,33.697,0.234
0.0139,33.665,0.296
0.0139,33.805,0.289
0.0141,33.821,0.251
0.0142,33.844,0.265
0.0144,34.019,0.307
0.0144,34.025,0.352
0.0144,34.178,0.397
0.0144,34.252,0.397
0.0144,34.337,0.371
0.0145,33.908,0.241
0.0145,34.173,0.365
0.0145,33.753,0.216
0.0146,33.883,0.249
0.0146,33.925,0.244
0.0146,33.719,0.393
0.0146,33.755,0.391
0.0147,33.892,0.241
0.0147,33.789,0.397
0.0148,34.011,0.270
0.0149,34.190,0.373
0.0149,33.852,0.278
0.0150,33.926,0.232
0.0150,33.974,0.230
0.0152,33.888,0.295
0.0152,34.179,0.267
0.0152,33.771,0.302
0.0153,34.033,0.344
0.0154,34.343,0.373
0.0154,34.074,0.315
0.0155,34.033,0.226
0.0155,34.273,0.340
0.0155,33.885,0.314
0.0155,33.999,0.286
0.0155,34.211,0.258
0.0155,34.258,0.273
0.0156,33.790,0.291
0.0156,33.807,0.290
0.0156,34.130,0.334
0.0156,34.173,0.264
0.0157,34.332,0.279
0.0158,34.166,0.287
0.0158,33.999,0.220
0.0158,34.070,0.290
0.0158,33.900,0.219
0.0158,33.993,0.239
0.0159,34.392,0.270
0.0159,34.029,0.225
0.0159,34.033,0.273
0.0159,34.132,0.209
0.0159,34.166,0.243
0.0160,34.106,0.282
0.0165,34.000,0.335
0.0165,34.414,0.346
0.0166,34.161,0.218
0.0166,33.973,0.415
0.0166,34.279,0.262
0.0167,34.341,0.198
0.0167,33.898,0.245
0.0168,34.168,0.246
0.0168,33.967,0.284
0.0169,33.841,0.289
0.0169,33.898,0.265
0.0169,34.489,0.310
0.0170,34.341,0.228
0.0170,34.075,0.298
0.0170,34.197,0.214
0.0172,34.022,0.309
0.0172,34.200,0.325
0.0172,34.608,0.220
0.0173,34.144,0.283
0.0173,34.152,0.257
0.0173,34.401,0.222
0.0173,34.510,0.231
0.0173,34.361,0.220
0.0174,34.267,0.262
0.0174,34.310,0.264
0.0174,33.780,0.331
0.0175,34.313,0.198
0.0175,34.323,0.200
0.0175,34.147,0.231
0.0178,34.222,0.320
0.0178,34.246,0.213
0.0178,34.336,0.210
0.0178,34.242,0.223
0.0178,34.294,0.247
0.0179,34.297,0.319
0.0180,34.266,0.234
0.0181,34.608,0.201
0.0183,34.200,0.281
0.0183,34.979,0.218
0.0184,34.439,0.227
0.0186,34.492,0.255
0.0186,34.576,0.296
0.0186,34.572,0.240
0.0186,34.617,0.239
0.0187,34.607,0.277
0.0187,34.487,0.321
0.0187,34.547,0.216
0.0191,34.429,0.281
0.0195,34.775,0.195
0.0195,34.809,0.196
0.0198,34.739,0.434
0.0198,34.757,0.467
0.0198,34.687,0.406
0.0199,34.365,0.296
0.0200,34.685,0.204
0.0201,34.512,0.199
0.0202,34.507,0.234
0.0202,34.702,0.192
0.0202,34.501,0.296
0.0202,34.576,0.190
0.0202,34.599,0.188
0.0202,34.648,0.188
0.0202,34.999,0.188
0.0203,34.575,0.376
0.0203,34.816,0.242
0.0204,34.493,0.191
0.0204,34.566,0.178
0.0204,34.571,0.188
0.0204,34.655,0.215
0.0205,35.126,0.376
0.0205,34.556,0.334
0.0206,34.417,0.217
0.0206,34.565,0.250
0.0208,34.486,0.330
0.0208,34.635,0.255
0.0208,34.674,0.231
0.0209,34.812,0.300
0.0210,34.696,0.216
0.0211,34.669,0.231
0.0212,34.375,0.203
0.0212,34.819,0.196
0.0212,35.118,0.311
0.0212,35.206,0.304
0.0213,34.734,0.177
0.0213,34.742,0.188
0.0213,34.756,0.181
0.0213,34.763,0.340
0.0214,34.347,0.199
0.0215,34.590,0.199
0.0215,34.611,0.393
0.0217,34.771,0.196
0.0218,34.758,0.283
0.0218,34.774,0.254
0.0220,34.859,0.246
0.0220,34.965,0.217
0.0220,34.674,0.248
0.0221,34.748,0.199
0.0221,34.885,0.186
0.0221,35.048,0.289
0.0222,35.014,0.216
0.0223,34.806,0.180
0.0223,34.823,0.258
0.0223,34.925,0.170
0.0223,34.773,0.199
0.0223,34.870,0.204
0.0224,34.781,0.225
0.0224,34.771,0.303
0.0224,34.860,0.243
0.0224,34.759,0.289
0.0224,34.800,0.255
0.0224,35.039,0.215
0.0226,34.731,0.243
0.0227,34.844,0.221
0.0227,34.869,0.203
0.0227,34.685,0.358
0.0230,34.858,0.201
0.0230,35.269,0.305
0.0230,34.971,0.237
0.0230,34.999,0.267
0.0230,34.985,0.191
0.0231,34.767,0.340
0.0231,35.023,0.271
0.0232,34.883,0.275
0.0232,34.917,0.179
0.0232,35.054,0.230
0.0233,34.430,0.279
0.0233,34.648,0.267
0.0234,34.978,0.225
0.0234,34.985,0.283
0.0234,35.008,0.222
0.0234,34.858,0.171
0.0234,34.858,0.260
0.0234,34.833,0.264
0.0235,34.839,0.216
0.0235,35.000,0.218
0.0236,34.572,0.262
0.0236,34.951,0.259
0.0236,35.041,0.207
0.0237,34.954,0.274
0.0237,34.943,0.210
0.0239,34.995,0.181
0.0239,34.889,0.404
0.0239,34.994,0.277
0.0239,34.899,0.190
0.0240,35.102,0.195
0.0241,34.471,0.398
0.0241,35.105,0.310
0.0241,34.878,0.224
0.0242,34.942,0.208
0.0242,35.084,0.184
0.0243,35.180,0.232
0.0243,35.077,0.195
0.0243,34.953,0.198
0.0243,34.987,0.184
0.0243,35.232,0.235
0.0243,35.010,0.202
0.0245,34.949,0.171
0.0245,35.008,0.162
0.0245,35.075,0.210
0.0246,35.178,0.189
0.0246,34.890,0.234
0.0246,35.052,0.231
0.0246,35.106,0.236
0.0246,34.807,0.182
0.0246,34.953,0.214
0.0247,34.811,0.318
0.0249,35.086,0.241
0.0249,35.197,0.228
0.0251,35.215,0.269
0.0251,34.837,0.288
0.0251,34.848,0.182
0.0251,35.009,0.177
0.0251,35.079,0.206
0.0251,35.028,0.190
0.0251,34.458,0.333
0.0252,34.912,0.306
0.0252,35.199,0.238
0.0252,35.228,0.204
0.0252,35.114,0.155
0.0252,35.114,0.175
0.0252,34.984,0.185
0.0253,34.906,0.269
0.0253,34.944,0.241
0.0253,35.188,0.177
0.0253,35.197,0.186
0.0256,35.183,0.234
0.0256,35.062,0.190
0.0259,34.766,0.345
0.0259,35.118,0.200
0.0260,35.401,0.200
0.0260,34.835,0.348
0.0260,35.108,0.198
0.0260,35.293,0.180
0.0260,35.311,0.179
0.0263,35.285,0.289
0.0263,35.343,0.323
0.0263,35.022,0.372
0.0267,35.308,0.180
0.0269,35.269,0.183
0.0269,35.289,0.206
0.0270,35.118,0.181
0.0271,35.251,0.187
0.0271,35.322,0.216
0.0273,35.289,0.299
0.0273,35.112,0.347
0.0273,35.227,0.262
0.0273,35.267,0.172
0.0273,35.344,0.231
0.0274,35.313,0.220
0.0274,35.304,0.353
0.0274,35.524,0.225
0.0275,35.112,0.170
0.0275,35.113,0.173
0.0275,35.154,0.187
0.0277,35.347,0.290
0.0280,35.726,0.322
0.0280,35.131,0.185
0.0281,35.674,0.216
0.0282,35.361,0.191
0.0282,35.317,0.173
0.0282,35.287,0.293
0.0282,35.506,0.163
0.0282,35.556,0.160
0.0282,35.558,0.161
0.0283,35.267,0.178
0.0284,35.342,0.157
0.0284,35.372,0.160
0.0285,35.105,0.182
0.0285,35.196,0.367
0.0285,35.291,0.178
0.0285,35.359,0.180
0.0285,35.437,0.180
0.0286,35.600,0.235
0.0286,35.660,0.251
0.0287,35.345,0.211
0.0287,35.410,0.202
0.0287,34.949,0.228
0.0289,35.276,0.655
0.0290,35.478,0.275
0.0290,35.056,0.219
0.0291,35.515,0.251
0.0291,35.695,0.183
0.0292,35.239,0.186
0.0292,35.602,0.170
0.0294,35.472,0.226
0.0294,35.622,0.300
0.0294,35.276,0.181
0.0295,35.094,0.273
0.0295,35.608,0.224
0.0295,35.364,0.284
0.0295,35.465,0.178
0.0296,35.506,0.191
0.0297,35.278,0.194
0.0298,35.502,0.190
0.0298,35.512,0.191
0.0299,35.435,0.185
0.0300,35.861,0.193
0.0301,35.476,0.233
0.0301,35.484,0.199
0.0301,35.520,0.196
0.0302,35.519,0.166
0.0303,35.554,0.216
0.0304,35.480,0.174
0.0305,35.535,0.258
0.0306,35.359,0.165
0.0307,35.352,0.343
0.0308,35.608,0.213
0.0308,35.465,0.279
0.0309,35.416,0.185
0.0309,35.493,0.166
0.0310,35.648,0.207
0.0311,35.337,0.375
0.0311,35.406,0.332
0.0311,35.922,0.399
0.0311,35.565,0.184
0.0311,35.541,0.185
0.0311,35.670,0.237
0.0312,35.588,0.169
0.0312,35.530,0.284
0.0312,35.667,0.175
0.0312,35.484,0.154
0.0312,35.496,0.176
0.0312,35.579,0.149
0.0312,35.743,0.227
0.0312,35.772,0.224
0.0312,35.787,0.217
0.0313,35.623,0.321
0.0314,35.560,0.186
0.0314,35.646,0.196
0.0315,35.912,0.274
0.0315,35.702,0.164
0.0315,35.707,0.221
0.0316,35.647,0.194
0.0316,35.685,0.188
0.0317,35.728,0.178
0.0319,35.459,0.276
0.0320,35.490,0.149
0.0324,35.675,0.202
0.0326,35.576,0.197
0.0326,35.856,0.259
0.0326,35.858,0.295
0.0326,35.666,0.275
0.0326,35.881,0.190
0.0326,35.908,0.198
0.0327,35.637,0.170
0.0327,35.643,0.148
0.0327,35.664,0.156
0.0328,35.633,0.204
0.0329,35.838,0.179
0.0329,35.725,0.154
0.0329,35.799,0.326
0.0330,35.732,0.220
0.0330,35.891,0.226
0.0330,35.616,0.168
0.0333,35.664,0.151
0.0333,35.727,0.163
0.0333,35.816,0.199
0.0334,35.852,0.144
0.0334,35.865,0.151
0.0337,35.780,0.160
0.0337,35.829,0.274
0.0338,36.023,0.243
0.0338,35.828,0.259
0.0339,35.909,0.177
0.0340,35.759,0.313
0.0343,35.919,0.207
0.0343,35.938,0.211
0.0344,35.784,0.217
0.0344,35.825,0.341
0.0345,35.976,0.358
0.0346,35.735,0.156
0.0348,35.857,0.206
0.0349,35.912,0.166
0.0351,35.882,0.169
0.0352,35.894,0.212
0.0352,35.801,0.483
0.0352,35.804,0.482
0.0352,35.835,0.334
0.0353,35.861,0.169
0.0355,35.990,0.375
0.0357,36.234,0.188
0.0358,35.959,0.225
0.0358,36.154,0.230
0.0358,35.932,0.204
0.0358,35.551,0.204
0.0360,35.991,0.187
0.0362,35.859,0.223
0.0362,36.184,0.187
0.0364,36.004,0.185
0.0368,35.884,0.185
0.0368,35.928,0.157
0.0370,36.075,0.289
0.0370,35.806,0.308
0.0370,35.929,0.318
0.0370,36.069,0.175
0.0370,36.080,0.337
0.0370,35.964,0.167
0.0371,36.047,0.166
0.0372,35.993,0.149
0.0372,36.007,0.135
0.0373,35.870,0.190
0.0374,35.979,0.164
0.0375,35.949,0.263
0.0376,36.218,0.171
0.0376,36.333,0.171
0.0379,36.006,0.207
0.0379,36.062,0.163
0.0380,36.089,0.199
0.0382,35.862,0.153
0.0382,35.894,0.152
0.0383,36.114,0.236
0.0383,36.518,0.246
0.0385,36.225,0.311
0.0385,36.256,0.150
0.0387,36.013,0.170
0.0388,36.026,0.220
0.0390,36.013,0.205
0.0391,36.196,0.221
0.0391,36.212,0.184
0.0401,36.284,0.148
0.0403,36.549,0.235
0.0406,36.017,0.143
0.0406,36.082,0.145
0.0408,35.992,0.210
0.0409,36.126,0.169
0.0410,36.410,0.307
0.0410,36.040,0.147
0.0410,36.315,0.151
0.0417,36.560,0.280
0.0422,36.210,0.208
0.0426,36.511,0.426
0.0427,35.914,0.294
0.0427,36.293,0.151
0.0428,36.207,0.167
0.0428,36.252,0.176
0.0429,36.202,0.163
0.0431,36.246,0.207
0.0435,36.214,0.152
0.0435,36.288,0.167
0.0435,36.416,0.166
0.0437,36.259,0.178
0.0441,36.330,0.181
0.0444,36.547,0.231
0.0444,36.292,0.249
0.0444,36.551,0.271
0.0446,36.511,0.286
0.0449,36.456,0.162
0.0452,36.687,0.305
0.0454,36.454,0.196
0.0457,36.463,0.174
0.0457,36.514,0.152
0.0458,36.158,0.183
0.0459,36.381,0.196
0.0462,36.264,0.218
0.0463,36.539,0.159
0.0464,36.325,0.195
0.0466,36.508,0.210
0.0466,36.471,0.194
0.0468,36.479,0.148
0.0468,36.486,0.183
0.0469,36.758,0.281
0.0474,36.564,0.229
0.0476,36.601,0.162
0.0478,36.563,0.209
0.0478,36.595,0.145
0.0482,36.498,0.166
0.0484,36.373,0.155
0.0486,36.330,0.136
0.0486,36.641,0.181
0.0493,36.600,0.203
0.0494,36.469,0.177
0.0494,36.583,0.168
0.0498,36.640,0.244
0.0499,36.471,0.186
0.0502,36.569,0.156
0.0502,36.858,0.163
0.0503,36.540,0.453
0.0504,36.462,0.202
0.0505,36.546,0.191
0.0505,36.704,0.133
0.0507,36.852,0.303
0.0511,36.880,0.168
0.0513,36.393,0.201
0.0515,36.586,0.157
0.0519,36.776,0.228
0.0520,36.543,0.299
0.0520,36.868,0.208
0.0522,36.841,0.218
0.0526,36.914,0.208
0.0531,36.775,0.162
0.0532,36.847,0.172
0.0535,36.863,0.134
0.0547,36.833,0.179
0.0547,36.858,0.150
0.0550,36.643,0.175
0.0554,36.868,0.194
0.0561,36.811,0.193
0.0565,36.910,0.185
0.0569,37.039,0.176
0.0571,36.990,0.171
0.0573,37.069,0.221
0.0582,36.932,0.147
0.0582,36.982,0.138
0.0583,36.955,0.183
0.0589,36.980,0.216
0.0589,37.146,0.253
0.0597,36.300,0.618
0.0609,37.032,0.178
0.0610,37.163,0.124
0.0610,37.193,0.161
0.0612,37.138,0.198
0.0614,36.961,0.196
0.0614,36.969,0.142
0.0615,37.075,0.183
0.0637,37.352,0.207
0.0638,37.020,0.156
0.0645,37.079,0.154
0.0653,37.085,0.153
0.0663,37.362,0.203
0.0665,37.163,0.296
0.0671,37.424,0.194
0.0673,37.234,0.203
0.0679,37.493,0.190
0.0684,37.238,0.191
0.0689,37.421,0.159
0.0690,37.282,0.174
0.0702,37.294,0.278
0.0706,37.278,0.212
0.0706,37.296,0.227
0.0707,37.479,0.176
0.0708,37.481,0.447
0.0709,37.454,0.248
0.0709,37.729,0.502
0.0709,37.371,0.228
0.0712,37.355,0.196
0.0716,37.249,0.161
0.0717,37.416,0.209
0.0719,37.562,0.181
0.0722,37.632,0.200
0.0725,37.623,0.305
0.0739,37.553,0.177
0.0744,37.435,0.222
0.0745,37.450,0.192
0.0752,37.476,0.180
0.0752,37.566,0.155
0.0756,37.814,0.289
0.0757,37.546,0.217
0.0759,37.634,0.198
0.0785,37.572,0.150
0.0786,37.831,0.146
0.0788,38.015,0.239
0.0788,38.094,0.180
0.0790,37.599,0.503
0.0791,37.784,0.238
0.0793,37.530,0.147
0.0799,37.600,0.158
0.0801,37.667,0.119
0.0817,37.721,0.220
0.0824,37.819,0.218
0.0828,37.677,0.266
0.0831,37.994,0.195
0.0841,37.969,0.222
0.0857,37.841,0.129
0.0870,37.848,0.217
0.0887,37.777,0.253
0.0904,37.920,0.217
0.0909,38.027,0.168
0.0921,38.160,0.266
0.0929,38.223,0.493
0.0995,38.438,0.195
0.1017,38.298,0.166
0.1022,38.408,0.187
0.1025,38.251,0.200
0.1029,38.181,0.186
0.1036,38.334,0.126
0.1037,38.208,0.196
0.1051,38.429,0.236
0.1066,38.261,0.196
0.1071,38.462,0.151
0.1071,38.429,0.210
0.1071,38.780,0.469
0.1077,38.498,0.180
0.1079,38.402,0.187
0.1091,38.402,0.133
0.1100,38.570,0.180
0.1126,38.621,0.163
0.1139,38.388,0.195
0.1165,38.541,0.160
0.1165,38.630,0.186
0.1176,38.573,0.240
0.1179,38.609,0.214
0.1182,38.416,0.127
0.1190,38.563,0.212
0.1201,38.596,0.200
0.1206,38.793,0.252
0.1209,38.635,0.303
0.1221,38.594,0.158
0.1223,38.612,0.231
0.1228,38.685,0.145
0.1232,38.597,0.275
0.1236,38.616,0.162
0.1238,38.801,0.333
0.1238,38.824,0.150
0.1239,38.650,0.146
0.1240,38.835,0.222
0.1247,38.762,0.126
0.1256,39.142,0.299
0.1262,38.496,0.293
0.1271,38.812,0.260
0.1271,38.685,0.281
0.1272,38.743,0.160
0.1273,38.784,0.177
0.1292,38.755,0.151
0.1292,38.840,0.213
0.1295,38.833,0.250
0.1296,38.843,0.143
0.1317,38.802,0.135
0.1328,38.784,0.122
0.1337,38.827,0.284
0.1337,38.843,0.158
0.1348,39.237,0.199
0.1353,39.078,0.313
0.1361,38.977,0.207
0.1366,38.847,0.196
0.1370,39.010,0.224
0.1371,38.962,0.259
0.1374,39.351,0.230
0.1382,38.886,0.128
0.1383,38.950,0.160
0.1384,39.023,0.124
0.1385,39.040,0.319
0.1388,39.000,0.176
0.1388,39.047,0.131
0.1396,39.021,0.146
0.1408,39.178,0.184
0.1410,39.283,0.204
0.1412,39.041,0.212
0.1413,39.124,0.261
0.1432,39.047,0.161
0.1434,39.515,0.371
0.1436,39.114,0.129
0.1440,39.076,0.171
0.1442,39.016,0.241
0.1454,39.152,0.210
0.1464,39.186,0.207
0.1465,39.158,0.188
0.1474,39.015,0.197
0.1475,38.967,0.172
0.1477,39.134,0.189
0.1478,39.161,0.170
0.1480,39.228,0.185
0.1481,39.038,0.158
0.1483,39.024,0.143
0.1490,39.161,0.175
0.1494,39.110,0.175
0.1505,39.106,0.170
0.1508,39.169,0.134
0.1520,39.048,0.159
0.1529,39.324,0.173
0.1532,39.218,0.128
0.1534,39.099,0.160
0.1534,39.256,0.179
0.1536,39.364,0.175
0.1551,39.208,0.168
0.1553,39.278,0.158
0.1554,39.399,0.176
0.1560,38.970,0.179
0.1567,39.209,0.210
0.1586,39.079,0.164
0.1592,39.427,0.284
0.1593,38.950,0.144
0.1595,39.091,0.143
0.1600,39.043,0.271
0.1601,39.229,0.168
0.1605,39.206,0.217
0.1606,39.424,0.260
0.1608,39.216,0.209
0.1612,39.311,0.246
0.1624,39.325,0.224
0.1638,39.281,0.201
0.1645,39.263,0.199
0.1647,39.329,0.139
0.1650,39.318,0.151
0.1660,39.494,0.242
0.1661,39.182,0.193
0.1683,39.276,0.166
0.1692,39.516,0.183
0.1697,39.672,0.275
0.1704,39.474,0.133
0.1712,39.542,0.276
0.1717,39.460,0.215
0.1726,39.502,0.177
0.1727,39.268,0.152
0.1730,39.726,0.253
0.1733,39.387,0.132
0.1737,39.540,0.183
0.1738,39.349,0.152
0.1739,39.599,0.319
0.1742,39.573,0.137
0.1742,39.332,0.154
0.1744,39.505,0.184
0.1744,39.555,0.231
0.1744,39.485,0.163
0.1750,39.743,0.182
0.1767,39.516,0.135
0.1771,39.510,0.176
0.1774,39.477,0.138
0.1779,39.339,0.257
0.1779,39.648,0.132
0.1785,39.967,0.208
0.1790,39.641,0.157
0.1791,39.767,0.201
0.1793,39.535,0.230
0.1795,39.551,0.281
0.1797,39.552,0.175
0.1797,39.596,0.209
0.1800,39.998,0.268
0.1805,39.369,0.138
0.1807,39.504,0.134
0.1808,39.717,0.179
0.1808,39.639,0.134
0.1809,39.615,0.246
0.1809,39.621,0.208
0.1813,39.658,0.226
0.1814,39.487,0.134
0.1815,39.395,0.235
0.1822,39.586,0.201
0.1823,39.526,0.150
0.1823,39.688,0.152
0.1825,39.782,0.177
0.1836,39.599,0.294
0.1837,39.680,0.152
0.1839,39.752,0.197
0.1840,39.796,0.218
0.1846,39.938,0.282
0.1846,39.789,0.143
0.1848,39.655,0.277
0.1849,39.613,0.135
0.1851,39.743,0.159
0.1852,39.635,0.160
0.1852,39.543,0.172
0.1853,39.788,0.139
0.1867,39.756,0.145
0.1873,39.769,0.137
0.1881,39.745,0.191
0.1891,39.438,0.150
0.1891,39.809,0.256
0.1893,39.936,0.229
0.1893,40.141,0.201
0.1895,39.741,0.209
0.1895,39.762,0.239
0.1900,39.729,0.225
0.1903,39.881,0.158
0.1904,39.689,0.295
0.1904,39.918,0.155
0.1941,39.798,0.219
0.1943,39.879,0.222
0.1955,40.134,0.404
0.1955,39.711,0.157
0.1956,39.908,0.196
0.1957,39.958,0.212
0.1962,39.729,0.125
0.1962,39.775,0.158
0.1963,39.840,0.255
0.1963,39.893,0.293
0.1973,39.802,0.142
0.1974,39.693,0.131
0.1978,39.492,0.189
0.1982,39.756,0.183
0.1983,39.888,0.174
0.1986,40.325,0.239
0.1988,39.888,0.211
0.1988,39.889,0.175
0.1991,40.022,0.218
0.1995,39.851,0.254
0.1996,39.676,0.246
0.1997,39.897,0.172
0.2008,39.684,0.195
0.2008,39.984,0.253
0.2009,39.767,0.316
0.2013,39.858,0.217
0.2023,39.618,0.198
0.2025,39.995,0.160
0.2028,39.837,0.185
0.2032,39.966,0.147
0.2033,39.882,0.167
0.2033,39.928,0.174
0.2033,39.934,0.216
0.2038,39.904,0.171
0.2047,39.881,0.160
0.2048,39.843,0.202
0.2052,40.166,0.228
0.2056,39.813,0.175
0.2069,39.922,0.280
0.2075,40.316,0.334
0.2075,40.072,0.149
0.2084,39.730,0.272
0.2086,39.876,0.147
0.2087,40.103,0.240
0.2087,39.864,0.198
0.2088,39.880,0.160
0.2095,39.841,0.262
0.2102,40.148,0.149
0.2104,39.454,0.186
0.2108,39.963,0.223
0.2109,39.806,0.156
0.2111,39.955,0.163
0.2113,40.142,0.266
0.2117,39.968,0.230
0.2120,39.914,0.194
0.2122,39.937,0.244
0.2135,40.022,0.165
0.2137,40.008,0.190
0.2140,39.887,0.197
0.2144,40.018,0.299
0.2151,39.883,0.478
0.2152,40.464,0.229
0.2158,40.225,0.259
0.2165,39.825,0.142
0.2169,40.067,0.190
0.2169,40.093,0.185
0.2174,40.139,0.270
0.2179,39.994,0.175
0.2185,40.222,0.204
0.2188,40.142,0.248
0.2190,40.193,0.241
0.2190,40.129,0.219
0.2190,40.030,0.131
0.2194,40.005,0.209
0.2195,40.110,0.160
0.2197,40.062,0.124
0.2198,40.088,0.173
0.2199,40.239,0.220
0.2202,39.923,0.243
0.2207,40.188,0.225
0.2208,40.080,0.267
0.2213,40.044,0.143
0.2213,40.059,0.205
0.2215,40.194,0.166
0.2230,40.326,0.281
0.2235,40.151,0.167
0.2238,40.016,0.173
0.2245,39.945,0.246
0.2245,40.129,0.197
0.2249,40.113,0.161
0.2254,40.149,0.174
0.2254,40.133,0.189
0.2255,40.186,0.197
0.2258,39.986,0.176
0.2265,40.391,0.201
0.2273,40.097,0.228
0.2282,40.224,0.183
0.2286,40.160,0.308
0.2293,40.223,0.202
0.2298,40.135,0.188
0.2302,40.128,0.227
0.2304,40.306,0.260
0.2308,40.072,0.297
0.2309,40.105,0.205
0.2309,40.296,0.226
0.2313,40.317,0.190
0.2316,40.201,0.227
0.2316,40.087,0.237
0.2321,40.205,0.160
0.2328,39.834,0.181
0.2337,40.186,0.255
0.2338,40.415,0.196
0.2339,40.179,0.292
0.2339,40.139,0.214
0.2347,40.191,0.328
0.2348,40.278,0.168
0.2349,40.158,0.183
0.2352,40.163,0.275
0.2356,40.234,0.214
0.2364,40.380,0.156
0.2366,40.264,0.157
0.2366,40.467,0.193
0.2369,40.119,0.237
0.2369,40.228,0.210
0.2372,40.224,0.204
0.2375,40.736,0.306
0.2379,40.232,0.172
0.2395,39.906,0.208
0.2398,40.130,0.181
0.2402,40.385,0.264
0.2409,40.402,0.167
0.2412,40.329,0.131
0.2415,40.121,0.184
0.2416,40.172,0.262
0.2422,40.564,0.221
0.2428,40.422,0.220
0.2428,40.573,0.259
0.2433,40.252,0.143
0.2435,40.538,0.306
0.2441,40.296,0.243
0.2444,40.206,0.222
0.2446,40.126,0.186
0.2451,40.334,0.210
0.2452,40.496,0.182
0.2455,40.358,0.219
0.2459,40.432,0.167
0.2462,40.347,0.149
0.2465,40.378,0.171
0.2466,40.283,0.215
0.2466,40.391,0.155
0.2471,40.198,0.137
0.2485,40.203,0.177
0.2486,40.491,0.216
0.2486,40.428,0.196
0.2486,40.366,0.262
0.2487,40.326,0.178
0.2490,40.427,0.181
0.2491,40.317,0.167
0.2497,40.673,0.221
0.2498,40.296,0.207
0.2499,40.392,0.164
0.2502,40.596,0.224
0.2502,40.376,0.218
0.2504,40.414,0.180
0.2505,40.569,0.189
0.2506,40.301,0.188
0.2509,40.387,0.203
0.2520,40.470,0.207
0.2526,40.407,0.259
0.2526,40.462,0.166
0.2533,40.369,0.157
0.2536,40.030,0.263
0.2541,40.455,0.168
0.2562,40.646,0.194
0.2562,40.559,0.272
0.2564,40.373,0.207
0.2568,40.502,0.252
0.2573,40.578,0.250
0.2574,40.494,0.194
0.2577,40.609,0.225
0.2581,40.528,0.231
0.2586,40.466,0.209
0.2586,40.510,0.150
0.2590,40.542,0.164
0.2592,40.288,0.179
0.2592,40.425,0.163
0.2595,40.524,0.234
0.2595,40.442,0.170
0.2606,40.503,0.171
0.2609,40.613,0.186
0.2614,40.447,0.208
0.2616,40.418,0.226
0.2617,40.687,0.259
0.2617,40.681,0.233
0.2617,40.392,0.226
0.2618,40.694,0.249
0.2620,40.722,0.217
0.2630,41.264,0.515
0.2632,40.639,0.170
0.2636,40.400,0.177
0.2639,40.559,0.168
0.2640,40.303,0.206
0.2641,40.634,0.381
0.2642,40.507,0.238
0.2646,40.515,0.198
0.2646,40.672,0.256
0.2658,40.609,0.220
0.2658,40.324,0.206
0.2664,40.290,0.265
0.2670,40.546,0.205
0.2679,40.510,0.202
0.2682,40.462,0.232
0.2686,40.579,0.191
0.2686,40.455,0.240
0.2689,40.604,0.217
0.2702,40.636,0.197
0.2702,40.509,0.165
0.2706,40.514,0.209
0.2709,40.489,0.166
0.2714,40.568,0.123
0.2728,40.541,0.173
0.2735,40.472,0.209
0.2746,40.740,0.293
0.2751,40.777,0.239
0.2752,40.529,0.242
0.2758,40.663,0.214
0.2763,40.675,0.180
0.2767,40.850,0.272
0.2778,40.619,0.245
0.2778,40.919,0.178
0.2793,40.704,0.164
0.2799,40.506,0.199
0.2799,40.566,0.153
0.2806,40.666,0.153
0.2813,40.622,0.175
0.2821,40.599,0.167
0.2827,40.744,0.297
0.2834,40.660,0.184
0.2841,40.574,0.154
0.2845,40.543,0.187
0.2845,40.692,0.207
0.2848,41.114,0.351
0.2856,40.705,0.186
0.2859,40.671,0.173
0.2867,40.639,0.218
0.2873,40.569,0.250
0.2876,40.538,0.239
0.2878,40.875,0.227
0.2881,40.708,0.188
0.2884,40.749,0.138
0.2885,40.746,0.165
0.2889,40.943,0.226
0.2890,40.743,0.228
0.2890,40.676,0.168
0.2891,40.702,0.277
0.2895,40.977,0.256
0.2899,40.739,0.271
0.2901,40.730,0.234
0.2904,40.786,0.231
0.2912,40.484,0.219
0.2919,40.761,0.178
0.2920,40.765,0.172
0.2922,40.751,0.484
0.2922,40.423,0.292
0.2925,40.638,0.229
0.2926,40.695,0.225
0.2929,40.746,0.174
0.2930,40.827,0.204
0.2937,40.857,0.205
0.2950,40.762,0.174
0.2958,41.021,0.308
0.2959,40.999,0.166
0.2965,40.994,0.366
0.2969,40.660,0.203
0.2969,40.751,0.211
0.2985,41.270,0.233
0.2985,40.654,0.273
0.2989,40.919,0.255
0.2993,41.011,0.342
0.2994,41.021,0.196
0.2995,40.733,0.186
0.3002,40.984,0.198
0.3003,40.880,0.247
0.3009,41.173,0.295
0.3014,40.858,0.192
0.3015,41.109,0.206
0.3025,40.889,0.225
0.3030,40.820,0.275
0.3035,40.920,0.143
0.3036,41.078,0.198
0.3040,40.719,0.222
0.3041,40.705,0.183
0.3048,41.041,0.243
0.3049,40.902,0.140
0.3053,40.592,0.307
0.3054,40.905,0.134
0.3055,41.004,0.226
0.3058,40.945,0.165
0.3065,40.896,0.202
0.3068,41.160,0.239
0.3069,40.957,0.150
0.3082,41.202,0.140
0.3083,40.953,0.254
0.3088,40.995,0.152
0.3092,41.046,0.251
0.3094,40.976,0.270
0.3095,41.018,0.300
0.3096,40.720,0.257
0.3105,40.620,0.336
0.3106,40.996,0.221
0.3109,41.046,0.183
0.3114,41.012,0.142
0.3118,41.038,0.211
0.3120,40.950,0.160
0.3126,40.956,0.150
0.3127,41.035,0.279
0.3127,40.624,0.206
0.3130,41.020,0.203
0.3130,41.006,0.177
0.3139,41.023,0.214
0.3145,41.125,0.156
0.3151,41.019,0.228
0.3152,40.884,0.220
0.3159,41.203,0.233
0.3159,40.933,0.228
0.3162,41.198,0.274
0.3178,41.074,0.196
0.3180,41.077,0.167
0.3182,41.020,0.153
0.3185,41.334,0.328
0.3190,40.894,0.204
0.3190,41.141,0.178
0.3210,41.231,0.207
0.3210,40.955,0.156
0.3212,41.192,0.293
0.3221,40.727,0.199
0.3222,40.863,0.158
0.3222,40.877,0.139
0.3228,40.932,0.212
0.3245,41.070,0.126
0.3255,41.227,0.193
0.3256,41.263,0.255
0.3258,41.164,0.271
0.3258,41.048,0.142
0.3263,41.050,0.157
0.3280,41.000,0.172
0.3284,41.308,0.308
0.3285,41.351,0.279
0.3285,40.934,0.296
0.3287,41.072,0.150
0.3287,41.100,0.144
0.3287,40.928,0.222
0.3291,41.057,0.165
0.3294,41.411,0.311
0.3295,41.239,0.162
0.3297,41.103,0.115
0.3300,40.844,0.210
0.3305,41.231,0.132
0.3306,41.167,0.214
0.3306,41.169,0.231
0.3309,41.159,0.239
0.3309,40.996,0.212
0.3310,41.010,0.137
0.3315,41.030,0.219
0.3315,41.101,0.166
0.3315,41.233,0.285
0.3319,41.015,0.144
0.3324,40.977,0.159
0.3330,41.330,0.202
0.3335,41.002,0.142
0.3335,41.037,0.176
0.3345,41.120,0.236
0.3350,41.025,0.172
0.3351,41.024,0.178
0.3367,41.037,0.184
0.3375,41.168,0.279
0.3375,41.010,0.237
0.3376,41.148,0.176
0.3378,41.154,0.234
0.3382,41.145,0.211
0.3385,41.113,0.200
0.3390,41.056,0.357
0.3406,41.174,0.192
0.3410,41.059,0.194
0.3411,41.064,0.255
0.3417,41.212,0.321
0.3445,41.308,0.152
0.3445,41.291,0.299
0.3449,41.233,0.172
0.3454,41.203,0.230
0.3460,41.332,0.137
0.3470,41.416,0.370
0.3472,41.117,0.244
0.3488,41.372,0.218
0.3491,41.250,0.159
0.3491,41.282,0.206
0.3493,41.141,0.158
0.3494,41.203,0.169
0.3495,41.005,0.226
0.3495,41.153,0.206
0.3495,41.376,0.171
0.3497,41.487,0.288
0.3502,41.187,0.147
0.3506,41.234,0.163
0.3510,41.253,0.161
0.3515,41.334,0.139
0.3515,41.480,0.210
0.3537,41.366,0.192
0.3552,41.465,0.223
0.3577,41.357,0.292
0.3580,41.354,0.215
0.3584,41.242,0.216
0.3585,41.148,0.289
0.3591,41.153,0.306
0.3591,41.443,0.171
0.3595,41.421,0.154
0.3602,41.187,0.191
0.3603,41.079,0.230
0.3609,41.433,0.198
0.3615,41.116,0.288
0.3628,41.245,0.210
0.3633,41.364,0.215
0.3650,41.463,0.292
0.3662,41.136,0.226
0.3666,41.233,0.156
0.3671,41.209,0.152
0.3679,41.263,0.166
0.3680,41.470,0.158
0.3684,41.548,0.336
0.3686,41.463,0.346
0.3696,41.450,0.244
0.3699,41.218,0.255
0.3702,41.379,0.189
0.3705,41.376,0.163
0.3705,41.383,0.160
0.3706,41.639,0.257
0.3706,41.070,0.136
0.3706,41.273,0.282
0.3710,41.410,0.391
0.3714,41.334,0.168
0.3715,41.384,0.117
0.3715,41.429,0.165
0.3735,41.311,0.133
0.3744,41.472,0.235
0.3768,41.416,0.155
0.3780,41.360,0.223
0.3785,41.427,0.182
0.3799,41.296,0.220
0.3800,41.415,0.164
0.3806,41.461,0.188
0.3809,41.451,0.201
0.3813,41.455,0.204
0.3815,41.678,0.219
0.3819,41.562,0.199
0.3825,41.373,0.265
0.3829,41.368,0.207
0.3840,41.518,0.202
0.3860,41.522,0.152
0.3867,41.379,0.271
0.3874,41.557,0.273
0.3878,41.630,0.284
0.3890,41.383,0.200
0.3895,41.544,0.192
0.3926,41.474,0.237
0.3951,41.468,0.204
0.3971,41.259,0.169
0.3994,41.712,0.288
0.4005,41.492,0.158
0.4022,41.480,0.200
0.4029,41.548,0.290
0.4037,41.616,0.214
0.4046,41.675,0.166
0.4048,41.337,0.202
0.4055,41.781,0.136
0.4065,41.691,0.169
0.4089,41.700,0.240
0.4092,41.740,0.364
0.4093,41.706,0.275
0.4095,41.678,0.172
0.4100,41.684,0.280
0.4112,41.662,0.318
0.4114,41.834,0.243
0.4116,41.813,0.149
0.4127,41.789,0.330
0.4166,41.730,0.149
0.4186,41.617,0.202
0.4194,41.686,0.193
0.4194,41.460,0.223
0.4196,41.866,0.225
0.4197,41.798,0.236
0.4199,41.439,0.294
0.4204,41.834,0.344
0.4209,41.618,0.176
0.4209,41.728,0.250
0.4219,41.534,0.271
0.4225,41.648,0.232
0.4225,41.680,0.275
0.4235,41.596,0.186
0.4236,41.840,0.401
0.4240,41.726,0.134
0.4246,41.748,0.196
0.4257,41.704,0.195
0.4260,41.752,0.175
0.4270,41.813,0.230
0.4270,41.835,0.198
0.4279,42.276,0.239
0.4286,41.883,0.404
0.4289,41.644,0.193
0.4290,41.827,0.251
0.4298,41.922,0.198
0.4302,41.835,0.166
0.4349,41.783,0.184
0.4355,41.584,0.134
0.4368,42.005,0.182
0.4376,41.625,0.166
0.4378,41.882,0.357
0.4389,41.468,0.211
0.4389,41.668,0.280
0.4394,41.826,0.203
0.4401,42.140,0.442
0.4407,41.636,0.160
0.4415,41.682,0.184
0.4425,41.852,0.173
0.4426,41.904,0.140
0.4436,41.793,0.182
0.4439,41.807,0.290
0.4476,41.855,0.224
0.4489,41.885,0.222
0.4489,41.987,0.216
0.4507,41.645,0.158
0.4511,41.928,0.213
0.4516,41.589,0.225
0.4516,41.992,0.155
0.4516,41.716,0.305
0.4522,41.996,0.320
0.4533,41.795,0.208
0.4535,41.886,0.144
0.4546,41.787,0.209
0.4548,41.884,0.284
0.4588,41.968,0.252
0.4606,42.002,0.191
0.4610,42.016,0.230
0.4616,41.984,0.138
0.4664,42.342,0.396
0.4665,42.048,0.136
0.4684,41.973,0.206
0.4689,41.763,0.234
0.4704,42.215,0.405
0.4707,42.014,0.181
0.4716,41.980,0.211
0.4720,42.037,0.257
0.4757,41.938,0.177
0.4779,42.227,0.228
0.4794,41.870,0.204
0.4795,42.011,0.199
0.4799,41.896,0.238
0.4806,42.004,0.160
0.4807,41.975,0.139
0.4816,42.306,0.211
0.4889,42.084,0.200
0.4924,42.278,0.335
0.4950,42.082,0.165
0.4957,42.145,0.121
0.4958,42.082,0.154
0.4974,42.127,0.226
0.5007,42.257,0.254
0.5010,42.117,0.283
0.5028,42.161,0.219
0.5029,42.070,0.313
0.5031,42.148,0.311
0.5032,42.144,0.229
0.5059,42.079,0.167
0.5061,42.104,0.152
0.5072,42.236,0.181
0.5074,42.242,0.289
0.5082,42.019,0.184
0.5102,42.094,0.144
0.5110,42.058,0.239
0.5117,42.389,0.227
0.5139,42.257,0.360
0.5144,42.226,0.196
0.5147,42.326,0.403
0.5173,42.093,0.190
0.5188,42.195,0.250
0.5189,42.182,0.210
0.5194,42.244,0.315
0.5197,42.291,0.196
0.5227,42.350,0.274
0.5240,42.177,0.369
0.5262,42.170,0.223
0.5286,42.086,0.189
0.5294,42.291,0.141
0.5310,41.880,0.234
0.5311,42.511,0.289
0.5312,42.525,0.381
0.5323,41.982,0.222
0.5327,42.247,0.294
0.5337,42.165,0.274
0.5343,42.143,0.225
0.5353,42.321,0.205
0.5357,42.213,0.210
0.5394,42.334,0.244
0.5410,42.279,0.233
0.5415,42.530,0.242
0.5454,42.563,0.191
0.5483,42.023,0.363
0.5488,42.169,0.379
0.5502,42.325,0.196
0.5503,42.373,0.208
0.5505,42.410,0.376
0.5527,42.194,0.244
0.5537,42.490,0.207
0.5538,42.083,0.177
0.5578,42.439,0.195
0.5588,42.297,0.356
0.5588,42.733,0.383
0.5618,42.294,0.228
0.5627,42.602,0.265
0.5628,42.430,0.235
0.5644,42.393,0.221
0.5644,42.397,0.297
0.5644,42.488,0.208
0.5648,42.487,0.193
0.5688,42.241,0.262
0.5754,42.191,0.453
0.5758,42.592,0.213
0.5762,42.489,0.202
0.5767,42.426,0.167
0.5774,42.645,0.291
0.5783,42.417,0.245
0.5783,42.451,0.241
0.5788,42.427,0.214
0.5789,42.532,0.232
0.5797,42.392,0.231
0.5807,42.573,0.262
0.5808,42.706,0.240
0.5830,42.541,0.168
0.5833,42.797,0.186
0.5838,42.477,0.198
0.5838,42.649,0.185
0.5839,42.420,0.199
0.5858,42.707,0.373
0.5873,42.624,0.203
0.5888,42.502,0.220
0.5903,42.516,0.248
0.5918,42.451,0.256
0.6007,42.612,0.279
0.6016,42.756,0.395
0.6033,42.750,0.200
0.6063,42.616,0.275
0.6083,42.590,0.228
0.6088,42.428,0.350
0.6088,42.618,0.231
0.6098,42.688,0.321
0.6107,42.669,0.184
0.6113,42.905,0.248
0.6118,42.701,0.164
0.6158,42.709,0.347
0.6188,42.716,0.389
0.6194,42.695,0.275
0.6198,42.756,0.155
0.6207,42.699,0.268
0.6218,42.589,0.276
0.6252,42.658,0.215
0.6272,42.585,0.244
0.6308,42.663,0.203
0.6318,42.311,0.327
0.6322,42.849,0.324
0.6340,42.597,0.148
0.6378,42.530,0.443
0.6379,42.864,0.311
0.6382,42.659,0.368
0.6387,42.780,0.262
0.6393,42.790,0.172
0.6419,42.848,0.257
0.6431,42.361,0.408
0.6437,42.799,0.310
0.6437,42.803,0.317
0.6477,42.819,0.288
0.6485,43.040,0.272
0.6487,42.733,0.311
0.6496,42.781,0.150
0.6621,42.979,0.280
0.6647,42.870,0.234
0.6707,43.068,0.275
0.6777,43.225,0.312
0.6819,42.838,0.239
0.6837,43.172,0.408
0.6852,43.017,0.366
0.6887,42.814,0.227
0.6894,42.853,0.157
0.6894,43.044,0.272
0.6907,42.914,0.426
0.6932,42.916,0.318
0.6972,42.969,0.213
0.6982,42.967,0.343
0.6992,42.940,0.338
0.6992,43.069,0.215
0.6993,43.111,0.156
0.6999,43.115,0.295
0.7007,42.917,0.223
0.7012,43.097,0.262
0.7019,42.896,0.463
0.7019,43.043,0.253
0.7157,42.994,0.246
0.7187,42.874,0.188
0.7197,43.164,0.205
0.7197,42.970,0.342
0.7201,43.161,0.243
0.7207,43.046,0.305
0.7267,43.081,0.248
0.7277,43.008,0.257
0.7287,43.005,0.283
0.7301,42.919,0.322
0.7316,43.180,0.196
0.7337,42.984,0.196
0.7339,43.220,0.388
0.7349,43.254,0.225
0.7357,43.181,0.257
0.7360,43.167,0.426
0.7368,42.992,0.215
0.7420,43.481,0.325
0.7428,43.083,0.327
0.7457,43.167,0.195
0.7461,42.982,0.255
0.7491,42.940,0.262
0.7493,43.177,0.163
0.7507,42.901,0.319
0.7590,43.247,0.233
0.7608,43.067,0.201
0.7611,43.177,0.237
0.7617,43.131,0.240
0.7657,43.237,0.225
0.7667,43.422,0.250
0.7667,43.362,0.270
0.7671,43.559,0.257
0.7687,43.293,0.312
0.7693,43.217,0.163
0.7731,43.357,0.295
0.7793,43.039,0.311
0.7881,43.304,0.232
0.7891,43.384,0.271
0.7893,43.200,0.166
0.7966,42.903,0.372
0.7986,43.434,0.288
0.8398,43.201,0.390
0.8398,43.360,0.212
0.8548,43.617,0.300
0.9358,43.533,0.240
0.9742,44.111,0.202
1.0124,44.118,0.367
1.0199,44.276,0.226
1.0209,43.971,0.475
1.0279,44.536,0.353
1.0482,44.423,0.489
1.1209,44.441,0.224
1.2323,44.321,0.610
1.2360,44.905,0.274
1.2991,44.864,0.275
1.3041,44.721,0.317
1.3061,45.020,0.445
1.3132,44.787,0.316
1.3291,44.874,0.238
1.3410,44.754,0.306
1.3514,44.549,0.318
1.3561,44.809,0.238
1.3910,44.794,0.374
1.4163,44.458,0.736
1.5429,45.090,0.371
1.5490,45.293,0.234
1.6151,45.160,0.333
1.6971,45.286,0.380
1.8012,45.486,0.282
1.9117,45.423,0.359
2.2614,46.183,0.281
